{"cameraMode":{"drawMode":0,"name":"Shaded","section":"Shading Mode"},"sceneLighting":true,"audioPlay":false,"sceneViewState":{"showFog":true,"showMaterialUpdate":true,"showSkybox":true,"showFlares":true,"showImageEffects":true,"showParticleSystems":true},"in2DMode":false,"pivot":{"x":20.99733543395996,"y":1.3702961206436158,"z":-0.10279424488544464},"rotation":{"x":0.005022385623306036,"y":-0.9805499911308289,"z":0.19458356499671937,"w":0.025299929082393647},"size":5.715728282928467,"orthographic":true}